time,speed,rpm,fuel_efficiency,engine_temp,throttle,gear,fault_code,fuel
0,0,800,0.0,22.0,0.0,0,None,50.00
1,0,810,0.0,22.8,0.0,0,None,50.00
2,0,815,0.0,23.5,0.0,0,None,50.00
3,0,820,0.0,24.3,0.0,0,None,50.00
4,0,825,0.0,25.1,0.0,0,None,50.00
5,0,830,0.0,26.0,0.0,0,None,50.00
6,0,840,0.0,27.2,3.0,0,None,50.00
7,0,850,0.0,28.5,5.0,0,None,50.00
8,1.2,950,4.5,29.8,10.0,1,None,49.99
9,2.5,1150,5.0,31.0,15.0,1,None,49.98
10,4.3,1350,5.5,32.3,20.0,1,None,49.97
11,6.8,1650,6.0,33.7,25.0,1,None,49.96
12,9.5,1950,6.5,35.0,30.0,1,None,49.94
13,12.3,2250,7.0,36.4,35.0,1,None,49.92
14,15.6,2550,7.5,37.8,40.0,1,None,49.89
15,18.4,2850,8.0,39.1,45.0,1,None,49.86
16,21.2,3150,8.5,40.5,50.0,1,None,49.82
17,24.0,3450,9.0,41.9,55.0,1,None,49.78
18,26.8,3750,9.5,43.2,60.0,1,None,49.74
19,29.7,2100,10.0,44.6,30.0,2,None,49.69
20,32.5,2350,10.5,46.0,35.0,2,None,49.64
21,35.3,2600,11.0,47.3,40.0,2,None,49.58
22,38.1,2850,11.5,48.7,45.0,2,None,49.52
23,40.9,3100,12.0,50.1,50.0,2,None,49.46
24,43.7,3350,12.5,51.4,55.0,2,None,49.39
25,46.5,3600,13.0,52.8,60.0,2,None,49.32
26,49.3,3900,13.0,54.1,65.0,2,None,49.24
27,52.0,2350,13.5,55.5,40.0,3,None,49.16
28,54.8,2550,14.0,56.9,45.0,3,None,49.07
29,57.6,2750,14.5,58.2,50.0,3,None,48.98
30,60.4,3000,14.8,59.6,55.0,3,None,48.88
31,63.2,3250,14.6,61.0,60.0,3,None,48.78
32,66.0,3500,14.4,62.3,65.0,3,None,48.67
33,68.8,3750,14.2,63.7,70.0,3,None,48.56
34,71.6,2350,14.8,65.1,45.0,4,None,48.44
35,74.4,2550,15.2,66.4,50.0,4,None,48.32
36,77.2,2750,15.5,67.8,55.0,4,None,48.19
37,80.0,3000,15.2,69.2,60.0,4,None,48.06
38,85.0,3350,14.8,70.5,65.0,4,None,47.92
39,90.0,3700,14.4,71.9,70.0,4,None,47.77
40,95.0,4050,14.0,73.3,75.0,4,None,47.61
41,100.0,4400,13.5,74.6,80.0,4,None,47.44
42,105.0,4750,13.0,76.0,85.0,4,None,47.26
43,110.0,5100,12.5,77.4,90.0,4,None,47.07
44,115.0,5450,12.0,78.7,95.0,4,None,46.87
45,120.0,5800,11.5,80.1,100.0,4,None,46.66
46,125.0,3800,13.0,80.2,65.0,5,None,46.44
47,130.0,4100,12.8,80.3,70.0,5,None,46.21
48,132.0,4300,12.6,80.4,72.0,5,None,45.97
49,135.0,4500,12.4,80.5,75.0,5,None,45.73
50,130.0,4300,12.6,80.5,65.0,5,None,45.48
51,125.0,4100,12.8,80.6,60.0,5,None,45.24
52,120.0,3900,13.0,80.6,55.0,5,None,45.00
53,115.0,3700,13.2,80.6,50.0,5,None,44.77
54,110.0,3500,13.4,80.7,45.0,5,None,44.54
55,105.0,3300,13.6,80.7,40.0,5,None,44.31
56,100.0,3100,13.8,80.7,35.0,5,None,44.09
57,95.0,2900,14.0,80.7,30.0,5,None,43.87
58,90.0,2700,14.2,80.8,25.0,5,None,43.66
59,85.0,2500,14.4,80.8,20.0,5,None,43.45
60,80.0,2300,14.6,80.8,15.0,5,None,43.25
61,75.0,2100,14.8,80.8,10.0,5,None,43.05
62,70.0,1900,15.0,80.8,5.0,5,None,42.86
63,65.0,1700,15.2,80.8,3.0,5,None,42.67
64,60.0,1500,15.4,80.9,0.0,5,None,42.49
65,55.0,2800,13.5,80.9,30.0,4,None,42.31
66,50.0,2600,13.8,80.9,25.0,4,None,42.14
67,45.0,2400,14.0,80.9,20.0,4,None,41.97
68,40.0,2200,14.2,80.9,15.0,4,None,41.81
69,35.0,2000,14.4,80.9,10.0,4,None,41.66
70,30.0,1800,14.6,80.9,5.0,4,None,41.51
71,25.0,1600,14.8,80.9,0.0,4,None,41.37
72,20.0,2850,12.0,80.9,35.0,3,None,41.24
73,15.0,2500,12.5,80.9,25.0,3,None,41.12
74,10.0,2150,13.0,80.8,15.0,3,None,41.01
75,5.0,1800,13.5,80.8,5.0,3,None,40.92
76,0,850,0.0,80.7,0.0,0,None,40.92
77,0,850,0.0,80.6,0.0,0,None,40.92
78,0,850,0.0,80.5,0.0,0,None,40.92
79,0,850,0.0,80.4,0.0,0,None,40.92
80,0,850,0.0,80.3,0.0,0,None,40.92
81,0,850,0.0,80.2,0.0,0,None,40.92
82,0,850,0.0,80.1,0.0,0,None,40.92
83,2.0,1050,5.0,80.0,15.0,1,None,40.91
84,4.5,1350,5.5,80.0,20.0,1,None,40.90
85,7.0,1650,6.0,80.0,25.0,1,None,40.89
86,9.5,1950,6.5,80.0,30.0,1,None,40.87
87,12.0,2250,7.0,80.0,35.0,1,None,40.85
88,14.5,2550,7.5,80.0,40.0,1,None,40.82
89,17.0,2850,8.0,80.0,45.0,1,None,40.79
90,19.5,3150,8.5,80.1,50.0,1,None,40.75
91,22.0,3450,9.0,80.1,55.0,1,None,40.71
92,24.5,3750,9.5,80.1,60.0,1,None,40.66
93,27.0,2100,10.0,80.2,30.0,2,None,40.61
94,29.5,2350,10.5,80.2,35.0,2,None,40.56
95,32.0,2600,11.0,80.3,40.0,2,None,40.50
96,34.5,2850,11.5,80.3,45.0,2,None,40.44
97,37.0,3100,12.0,80.4,50.0,2,None,40.38
98,39.5,3350,12.5,80.4,55.0,2,None,40.31
99,42.0,3600,13.0,80.5,60.0,2,None,40.24
100,44.5,3850,13.0,80.5,65.0,2,None,40.16
101,47.0,2300,13.5,80.6,40.0,3,None,40.08
102,49.5,2500,14.0,80.6,45.0,3,None,40.00
103,52.0,2700,14.5,80.7,50.0,3,None,39.91
104,54.5,2900,14.8,80.7,55.0,3,None,39.82
105,57.0,3100,14.6,80.8,60.0,3,None,39.72
106,59.5,3300,14.4,80.8,65.0,3,None,39.62
107,62.0,3500,14.2,80.8,70.0,3,None,39.52
108,64.5,3700,14.0,80.9,75.0,3,None,39.41
109,67.0,3900,13.8,80.9,80.0,3,None,39.29
110,69.5,2300,14.5,80.9,45.0,4,None,39.17
111,72.0,2500,14.8,80.9,50.0,4,None,39.05
112,74.5,2700,15.1,80.9,55.0,4,None,38.92
113,77.0,2900,15.4,80.9,60.0,4,None,38.79
114,79.5,3100,15.2,80.9,65.0,4,None,38.66
115,82.0,3300,15.0,80.9,70.0,4,None,38.52
116,84.5,3500,14.8,80.9,75.0,4,None,38.38
117,87.0,3700,14.6,80.9,80.0,4,None,38.23
118,89.5,3900,14.4,80.9,85.0,4,None,38.08
119,92.0,4100,14.2,80.9,90.0,4,None,37.93
120,94.5,4300,14.0,80.9,95.0,4,None,37.77
121,97.0,4500,13.8,80.9,100.0,4,None,37.60
122,100.0,4800,13.5,80.9,95.0,4,None,37.43
123,105.0,5100,13.2,80.9,97.0,4,None,37.25
124,110.0,5400,12.9,80.9,99.0,4,None,37.06
125,115.0,5700,12.6,80.9,100.0,4,None,36.86
126,120.0,6000,12.3,80.9,100.0,4,None,36.65
127,125.0,3700,13.0,80.9,65.0,5,None,36.43
128,130.0,4000,12.7,80.9,70.0,5,None,36.21
129,135.0,4300,12.4,80.9,75.0,5,None,35.98
130,140.0,4600,12.1,80.9,80.0,5,None,35.74
131,140.0,4500,12.2,80.9,75.0,5,None,35.49
132,140.0,4400,12.3,80.9,70.0,5,None,35.25
133,140.0,4300,12.4,80.9,65.0,5,None,35.01
134,140.0,4200,12.5,80.9,60.0,5,None,34.77
135,138.0,4100,12.6,80.9,58.0,5,None,34.54
136,136.0,4000,12.7,80.9,56.0,5,None,34.31
137,134.0,3900,12.8,80.9,54.0,5,None,34.08
138,132.0,3800,12.9,80.9,52.0,5,None,33.85
139,130.0,3700,13.0,80.9,50.0,5,None,33.63
140,125.0,3600,13.2,80.9,45.0,5,None,33.41
141,120.0,3500,13.4,80.9,40.0,5,None,33.20
142,115.0,3400,13.6,80.9,35.0,5,None,32.99
143,110.0,3300,13.8,80.9,30.0,5,None,32.79
144,105.0,3200,14.0,80.9,25.0,5,None,32.59
145,100.0,3100,14.2,80.9,20.0,5,None,32.40
146,95.0,3000,14.4,80.9,15.0,5,None,32.21
147,90.0,2900,14.6,80.9,10.0,5,None,32.02
148,85.0,2800,14.8,80.9,5.0,5,None,31.84
149,80.0,2700,15.0,80.9,0.0,5,None,31.67
150,75.0,2600,15.2,80.9,0.0,5,None,31.50
151,70.0,2500,15.4,80.9,0.0,5,None,31.34
152,65.0,2400,15.6,80.9,0.0,5,None,31.18
153,60.0,2300,15.8,80.9,0.0,5,None,31.02
154,55.0,2200,15.9,80.9,0.0,5,None,30.87
155,50.0,2100,16.0,80.9,0.0,5,None,30.73
156,45.0,2000,16.1,80.9,0.0,5,None,30.59
157,40.0,1900,16.2,80.9,0.0,5,None,30.45
158,35.0,1800,16.3,80.9,0.0,5,None,30.32
159,30.0,1700,16.4,80.9,0.0,5,None,30.20
160,25.0,1600,16.5,80.9,0.0,5,None,30.08
161,20.0,1500,16.3,80.9,0.0,5,None,29.96
162,15.0,2800,12.5,80.9,25.0,3,None,29.86
163,10.0,2500,12.0,80.9,15.0,3,None,29.76
164,5.0,2200,11.5,80.9,5.0,3,None,29.67
165,0,850,0.0,80.9,0.0,0,None,29.67
166,0,850,0.0,80.8,0.0,0,None,29.67
167,0,850,0.0,80.7,0.0,0,None,29.67
168,0,850,0.0,80.6,0.0,0,None,29.67
169,0,850,0.0,80.5,0.0,0,None,29.67
170,0,850,0.0,80.4,0.0,0,None,29.67
171,0,850,0.0,80.3,0.0,0,None,29.67
172,0,850,0.0,80.2,0.0,0,None,29.67
173,0,850,0.0,80.1,0.0,0,None,29.67
174,0,850,0.0,80.0,0.0,0,None,29.67
175,0,850,0.0,79.9,0.0,0,None,29.67
176,0,850,0.0,79.8,0.0,0,None,29.67
177,0,850,0.0,79.7,0.0,0,None,29.67
178,0,850,0.0,79.6,0.0,0,None,29.67
179,0,850,0.0,79.5,0.0,0,None,29.67
180,3.0,1150,5.0,79.4,20.0,1,None,29.66
181,6.0,1450,5.5,79.4,25.0,1,None,29.65
182,9.0,1750,6.0,79.4,30.0,1,None,29.64
183,12.0,2050,6.5,79.4,35.0,1,None,29.62
184,15.0,2350,7.0,79.4,40.0,1,None,29.60
185,18.0,2650,7.5,79.5,45.0,1,None,29.57
186,21.0,2950,8.0,79.5,50.0,1,None,29.54
187,24.0,3250,8.5,79.6,55.0,1,None,29.50
188,27.0,3550,9.0,79.7,60.0,1,None,29.46
189,30.0,3850,9.5,79.8,65.0,1,None,29.41
190,33.0,2150,10.0,79.9,35.0,2,None,29.36
191,36.0,2350,10.5,80.0,40.0,2,None,29.31
192,39.0,2550,11.0,80.1,45.0,2,None,29.25
193,42.0,2750,11.5,80.2,50.0,2,None,29.19
194,45.0,2950,12.0,80.3,55.0,2,None,29.13
195,48.0,3150,12.5,80.4,60.0,2,None,29.06
196,51.0,3350,13.0,80.5,65.0,2,None,28.99
197,54.0,3550,12.8,80.6,70.0,2,None,28.91
198,57.0,3750,12.6,80.7,75.0,2,None,28.83
199,60.0,3950,12.4,80.8,80.0,2,None,28.75
200,63.0,2250,13.0,80.9,45.0,3,None,28.66
201,66.0,2400,13.2,80.9,48.0,3,None,28.57
202,69.0,2550,13.4,80.9,51.0,3,None,28.47
203,72.0,2700,13.6,80.9,54.0,3,None,28.37
204,75.0,2850,13.8,80.9,57.0,3,None,28.27
205,78.0,3000,14.0,80.9,60.0,3,None,28.16
206,81.0,3150,14.2,80.9,63.0,3,None,28.05
207,84.0,3300,14.0,80.9,66.0,3,None,27.94
208,87.0,3450,13.8,80.9,69.0,3,None,27.82
209,90.0,3600,13.6,80.9,72.0,3,None,27.70
210,93.0,3750,13.4,80.9,75.0,3,None,27.57
211,96.0,3900,13.2,80.9,78.0,3,None,27.44
212,99.0,2300,14.0,80.9,50.0,4,None,27.31
213,102.0,2400,14.2,80.9,52.0,4,None,27.17
214,105.0,2500,14.4,80.9,54.0,4,None,27.03
215,108.0,2600,14.2,80.9,56.0,4,None,26.89
216,111.0,2700,14.0,80.9,58.0,4,None,26.74
217,114.0,2800,13.8,80.9,60.0,4,None,26.59
218,117.0,2900,13.6,80.9,62.0,4,None,26.44
219,120.0,3000,13.4,80.9,64.0,4,None,26.28
220,123.0,3100,13.2,80.9,66.0,4,None,26.12
221,126.0,3200,13.0,80.9,68.0,4,None,25.95
222,129.0,3300,12.8,80.9,70.0,4,None,25.78
223,132.0,3400,12.6,80.9,72.0,4,None,25.60
224,135.0,3500,12.4,80.9,74.0,4,None,25.42
225,138.0,3600,12.2,80.9,76.0,4,None,25.23
226,140.0,3700,12.0,80.9,78.0,4,None,25.04
227,140.0,3700,12.0,80.9,76.0,4,None,24.84
228,140.0,3700,12.0,80.9,74.0,4,None,24.65
229,139.0,3650,12.1,80.9,72.0,4,None,24.46
230,138.0,3600,12.2,80.9,70.0,4,None,24.27
231,137.0,3550,12.3,80.9,68.0,4,None,24.08
232,136.0,3500,12.4,80.9,66.0,4,None,23.89
233,135.0,3450,12.5,80.9,64.0,4,None,23.71
234,134.0,3400,12.6,80.9,62.0,4,None,23.52
235,133.0,3350,12.7,80.9,60.0,4,None,23.34
236,132.0,3300,12.8,80.9,58.0,4,None,23.15
237,131.0,3250,12.9,80.9,56.0,4,None,22.97
238,130.0,3200,13.0,80.9,54.0,4,None,22.79
239,129.0,3150,13.1,80.9,52.0,4,None,22.61
240,128.0,3100,13.2,80.9,50.0,4,None,22.43
241,127.0,3050,13.3,80.9,48.0,4,None,22.26
242,126.0,3000,13.4,80.9,46.0,4,None,22.08
243,125.0,2950,13.5,80.9,44.0,4,None,21.91
244,124.0,2900,13.6,80.9,42.0,4,None,21.74
245,123.0,2850,13.7,80.9,40.0,4,None,21.57
246,122.0,2800,13.8,80.9,38.0,4,None,21.40
247,121.0,2750,13.9,80.9,36.0,4,None,21.23
248,120.0,2700,14.0,80.9,34.0,4,None,21.07
249,118.0,2650,14.1,80.9,32.0,4,None,20.91
250,116.0,2600,14.2,80.9,30.0,4,None,20.75
251,114.0,2550,14.3,80.9,28.0,4,None,20.59
252,112.0,2500,14.4,80.9,26.0,4,None,20.44
253,110.0,2450,14.5,80.9,24.0,4,None,20.28
254,108.0,2400,14.6,80.9,22.0,4,None,20.13
255,106.0,2350,14.7,80.9,20.0,4,None,19.99
256,104.0,2300,14.8,80.9,18.0,4,None,19.84
257,102.0,2250,14.9,80.9,16.0,4,None,19.70
258,100.0,2200,15.0,80.9,14.0,4,None,19.56
259,98.0,2150,15.1,80.9,12.0,4,None,19.42
260,96.0,2100,15.2,80.9,10.0,4,None,19.28
261,94.0,2050,15.3,80.9,8.0,4,None,19.15
262,92.0,2000,15.4,80.9,6.0,4,None,19.02
263,90.0,1950,15.5,80.9,4.0,4,None,18.88
264,88.0,1900,15.6,80.9,2.0,4,None,18.76
265,86.0,1850,15.7,80.9,0.0,4,None,18.63
266,84.0,1800,15.8,80.9,0.0,4,None,18.50
267,82.0,1750,15.9,80.9,0.0,4,None,18.38
268,80.0,1700,16.0,80.9,0.0,4,None,18.26
269,78.0,1650,16.1,80.9,0.0,4,None,18.14
270,76.0,1600,16.2,80.9,0.0,4,None,18.02
271,74.0,1550,16.3,80.9,0.0,4,None,17.90
272,72.0,1500,16.4,80.9,0.0,4,None,17.79
273,70.0,2900,13.0,80.9,35.0,3,None,17.68
274,68.0,2800,13.2,80.9,33.0,3,None,17.57
275,66.0,2700,13.4,80.9,31.0,3,None,17.46
276,64.0,2600,13.6,80.9,29.0,3,None,17.35
277,62.0,2500,13.8,80.9,27.0,3,None,17.24
278,60.0,2400,14.0,80.9,25.0,3,None,17.14
279,58.0,2300,14.2,80.9,23.0,3,None,17.04
280,56.0,2200,14.4,80.9,21.0,3,None,16.94
281,54.0,2100,14.6,80.9,19.0,3,None,16.84
282,52.0,2000,14.8,80.9,17.0,3,None,16.74
283,50.0,1900,15.0,80.9,15.0,3,None,16.65
284,48.0,1800,15.2,80.8,13.0,3,None,16.56
285,46.0,1700,15.4,80.8,11.0,3,None,16.47
286,44.0,1600,15.6,80.7,9.0,3,None,16.38
287,42.0,1500,15.8,80.7,7.0,3,None,16.29
288,40.0,2800,12.0,80.6,30.0,2,None,16.21
289,38.0,2700,12.2,80.6,28.0,2,None,16.13
290,36.0,2600,12.4,80.5,26.0,2,None,16.05
291,34.0,2500,12.6,80.5,24.0,2,None,15.97
292,32.0,2400,12.8,80.4,22.0,2,None,15.89
293,30.0,2300,13.0,80.4,20.0,2,None,15.82
294,28.0,2200,13.2,80.3,18.0,2,None,15.75
295,26.0,2100,13.4,80.3,16.0,2,None,15.68
296,24.0,2000,13.6,80.2,14.0,2,None,15.61
297,22.0,1900,13.8,80.2,12.0,2,None,15.54
298,20.0,1800,14.0,80.1,10.0,2,None,15.48
299,18.0,1700,14.2,80.1,8.0,2,None,15.42
300,16.0,1600,14.4,80.0,6.0,2,None,15.36
301,14.0,1500,14.6,80.0,4.0,2,None,15.30
302,12.0,3200,6.5,79.9,55.0,1,None,15.24
303,10.0,3000,6.8,79.9,50.0,1,None,15.19
304,8.0,2800,7.1,79.8,45.0,1,None,15.14
305,6.0,2600,7.4,79.8,40.0,1,None,15.09
306,4.0,2400,7.7,79.7,35.0,1,None,15.05
307,2.0,2200,8.0,79.7,30.0,1,None,15.01
308,0.0,850,0.0,79.6,0.0,0,None,15.01
309,0.0,850,0.0,79.5,0.0,0,None,15.01
310,0.0,850,0.0,79.4,0.0,0,None,15.01
311,0.0,850,0.0,79.3,0.0,0,None,15.01
312,0.0,850,0.0,79.2,0.0,0,P0420,15.01
313,0.0,850,0.0,79.1,0.0,0,P0420,15.01
314,0.0,850,0.0,79.0,0.0,0,P0420,15.01
315,0.0,850,0.0,78.9,0.0,0,P0420,15.01
316,0.0,850,0.0,78.8,0.0,0,P0420,15.01
317,0.0,850,0.0,78.7,0.0,0,P0420,15.01
318,0.0,850,0.0,78.6,0.0,0,P0420,15.01
319,0.0,850,0.0,78.5,0.0,0,P0420,15.01
320,2.0,1000,4.8,78.4,15.0,1,P0420,15.00
321,4.0,1200,5.2,78.4,20.0,1,P0420,14.99
322,6.0,1400,5.6,78.3,25.0,1,P0420,14.98
323,8.0,1600,6.0,78.3,30.0,1,P0420,14.97
324,10.0,1800,6.4,78.2,35.0,1,P0420,14.95
325,12.0,2000,6.8,78.2,40.0,1,P0420,14.93
326,14.0,2200,7.2,78.2,45.0,1,P0420,14.91
327,16.0,2400,7.6,78.1,50.0,1,P0420,14.89
328,18.0,2600,8.0,78.1,55.0,1,P0420,14.86
329,20.0,2800,8.4,78.1,60.0,1,P0420,14.83
330,22.0,3000,8.8,78.0,65.0,1,P0420,14.80
331,24.0,3200,9.2,78.0,70.0,1,P0420,14.76
332,26.0,3400,9.6,78.0,75.0,1,P0420,14.72
333,28.0,3600,9.4,78.0,80.0,1,P0420,14.68
334,30.0,3800,9.2,78.0,85.0,1,P0420,14.64
335,32.0,4000,9.0,78.0,90.0,1,P0420,14.59
336,34.0,2200,10.0,78.0,50.0,2,P0420,14.54
337,36.0,2350,10.2,78.0,55.0,2,P0420,14.49
338,38.0,2500,10.4,78.0,60.0,2,P0420,14.44
339,40.0,2650,10.6,78.0,65.0,2,P0420,14.39
340,42.0,2800,10.8,78.0,70.0,2,P0420,14.33
341,44.0,2950,11.0,78.0,75.0,2,P0420,14.27
342,46.0,3100,11.2,78.0,80.0,2,P0420,14.21
343,48.0,3250,11.4,78.0,85.0,2,P0420,14.15
344,50.0,3400,11.2,78.0,90.0,2,P0420,14.09
345,52.0,3550,11.0,78.0,95.0,2,P0420,14.02
346,54.0,3700,10.8,78.0,100.0,2,P0420,13.95
347,56.0,3850,10.6,78.0,95.0,2,P0420,13.88
348,58.0,4000,10.4,78.1,90.0,2,P0420,13.81
349,60.0,2200,11.8,78.1,50.0,3,P0420,13.73
350,62.0,2350,12.0,78.2,55.0,3,P0420,13.65
351,64.0,2500,12.2,78.2,60.0,3,P0420,13.57
352,66.0,2650,12.4,78.3,65.0,3,P0420,13.48
353,68.0,2800,12.2,78.3,70.0,3,P0420,13.40
354,70.0,2950,12.0,78.4,75.0,3,P0420,13.31
355,72.0,3100,11.8,78.4,80.0,3,P0420,13.22
356,74.0,3250,11.6,78.5,85.0,3,P0420,13.13
357,76.0,3400,11.4,78.5,90.0,3,P0420,13.03
358,78.0,3550,11.2,78.6,95.0,3,P0420,12.94
359,80.0,3700,11.0,78.6,100.0,3,P0420,12.84
360,82.0,3850,10.8,78.7,95.0,3,P0420,12.74
361,84.0,4000,10.6,78.7,90.0,3,P0420,12.63
362,86.0,2200,12.5,78.8,50.0,4,P0420,12.53
363,88.0,2300,12.6,78.8,52.0,4,P0420,12.42
364,90.0,2400,12.7,78.9,54.0,4,P0420,12.31
365,92.0,2500,12.8,78.9,56.0,4,P0420,12.20
366,94.0,2600,12.6,79.0,58.0,4,P0420,12.08
367,96.0,2700,12.4,79.0,60.0,4,P0420,11.97
368,98.0,2800,12.2,79.1,62.0,4,P0420,11.85
369,100.0,2900,12.0,79.1,64.0,4,P0420,11.73
370,102.0,3000,11.8,79.2,66.0,4,P0420,11.61
371,104.0,3100,11.6,79.2,68.0,4,P0420,11.48
372,106.0,3200,11.4,79.3,70.0,4,P0420,11.35
373,108.0,3300,11.2,79.3,72.0,4,P0420,11.22
374,110.0,3400,11.0,79.4,74.0,4,P0420,11.09
375,112.0,3500,10.8,79.4,76.0,4,P0420,10.95
376,114.0,3600,10.6,79.5,78.0,4,P0420,10.81
377,116.0,3700,10.4,79.5,80.0,4,P0420,10.67
378,118.0,3800,10.2,79.6,82.0,4,P0420,10.52
379,120.0,3900,10.0,79.6,84.0,4,P0420,10.37
380,122.0,4000,9.8,79.7,86.0,4,P0420,10.22
381,124.0,4100,9.6,79.7,88.0,4,P0420,10.06
382,126.0,4200,9.4,79.8,90.0,4,P0420,9.90
383,128.0,4300,9.2,79.8,92.0,4,P0420,9.74
384,130.0,4400,9.0,79.9,94.0,4,P0420,9.57
385,132.0,4500,8.8,79.9,96.0,4,P0420,9.40
386,134.0,4600,8.6,80.0,98.0,4,P0420,9.22
387,136.0,4700,8.4,80.0,100.0,4,P0420,9.04
388,138.0,4800,8.2,80.1,98.0,4,P0420,8.85
389,140.0,4900,8.0,80.1,96.0,4,P0420,8.66
390,142.0,5000,7.8,80.2,94.0,4,P0420,8.46
391,144.0,5100,7.6,80.2,92.0,4,P0420,8.26
392,146.0,5200,7.4,80.3,90.0,4,P0420,8.05
393,148.0,5300,7.2,80.3,88.0,4,P0420,7.84
394,150.0,5400,7.0,80.4,86.0,4,P0420,7.62
395,152.0,5500,6.8,80.4,84.0,4,P0420,7.39
396,154.0,5600,6.6,80.5,82.0,4,P0420,7.16
397,156.0,5700,6.4,80.5,80.0,4,P0420,6.92
398,158.0,5800,6.2,80.6,78.0,4,P0420,6.68
399,160.0,5900,6.0,80.6,76.0,4,P0420,6.43
400,162.0,6000,5.8,80.7,74.0,4,P0420,6.18
401,164.0,3500,9.0,80.7,40.0,5,P0420,5.92
402,166.0,3600,8.9,80.8,42.0,5,P0420,5.65
403,168.0,3700,8.8,80.8,44.0,5,P0420,5.38
404,170.0,3800,8.7,80.9,46.0,5,P0420,5.10
405,170.0,3800,8.7,80.9,46.0,5,P0420,4.82
406,170.0,3800,8.7,80.9,45.0,5,P0420,4.54
407,169.0,3775,8.7,80.9,44.0,5,P0420,4.26
408,168.0,3750,8.8,80.9,43.0,5,P0420,3.98
409,167.0,3725,8.8,80.9,42.0,5,P0420,3.70
410,166.0,3700,8.9,80.9,41.0,5,P0420,3.42
411,165.0,3675,8.9,80.9,40.0,5,P0420,3.14
412,164.0,3650,9.0,80.9,39.0,5,P0420,2.86
413,163.0,3625,9.0,80.9,38.0,5,P0420,2.58
414,162.0,3600,9.1,80.9,37.0,5,P0420,2.30
415,161.0,3575,9.1,80.9,36.0,5,P0420,2.02
416,160.0,3550,9.2,80.9,35.0,5,P0420,1.74
417,159.0,3525,9.2,80.9,34.0,5,P0420,1.46
418,158.0,3500,9.3,80.9,33.0,5,P0420,1.18
419,157.0,3475,9.3,80.9,32.0,5,P0420,0.90
420,156.0,3450,9.4,80.9,31.0,5,P0420,0.62
421,155.0,3425,9.4,80.9,30.0,5,P0420,0.34
422,154.0,3400,9.5,80.9,29.0,5,P0420,0.06
423,153.0,3375,9.5,80.9,28.0,5,P0420,0.00
424,152.0,3350,9.6,80.9,27.0,5,P0420,0.00
425,151.0,3325,9.6,80.9,26.0,5,P0420,0.00
426,150.0,3300,9.7,80.9,25.0,5,P0420,0.00
427,149.0,3275,9.7,80.9,24.0,5,P0420,0.00
428,148.0,3250,9.8,80.9,23.0,5,P0420,0.00
429,147.0,3225,9.8,80.9,22.0,5,P0420,0.00
430,146.0,3200,9.9,80.9,21.0,5,P0420,0.00
431,145.0,3175,9.9,80.9,20.0,5,P0420,0.00
432,144.0,3150,10.0,80.9,19.0,5,P0420,0.00
433,143.0,3125,10.0,80.9,18.0,5,P0420,0.00
434,142.0,3100,10.1,80.9,17.0,5,P0420,0.00
435,141.0,3075,10.1,80.9,16.0,5,P0420,0.00
436,140.0,3050,10.2,80.9,15.0,5,P0420,0.00
437,139.0,3025,10.2,80.9,14.0,5,P0420,0.00
438,138.0,3000,10.3,80.9,13.0,5,P0420,0.00
439,137.0,2975,10.3,80.9,12.0,5,P0420,0.00
440,136.0,2950,10.4,80.9,11.0,5,P0420,0.00
441,135.0,2925,10.4,80.9,10.0,5,P0420,0.00
442,134.0,2900,10.5,80.9,9.0,5,P0420,0.00
443,133.0,2875,10.5,80.9,8.0,5,P0420,0.00
444,132.0,2850,10.6,80.9,7.0,5,P0420,0.00
445,131.0,2825,10.6,80.9,6.0,5,P0420,0.00
446,130.0,2800,10.7,80.9,5.0,5,P0420,0.00
447,129.0,2775,10.7,80.9,4.0,5,P0420,0.00
448,128.0,2750,10.8,80.9,3.0,5,P0420,0.00
449,127.0,2725,10.8,80.9,2.0,5,P0420,0.00
450,126.0,2700,10.9,80.9,1.0,5,P0420,0.00
451,125.0,2675,10.9,80.9,0.0,5,P0420,0.00
452,124.0,2650,11.0,80.9,0.0,5,P0420,0.00
453,123.0,2625,11.0,80.9,0.0,5,P0420,0.00
454,122.0,2600,11.1,80.9,0.0,5,P0420,0.00
455,121.0,2575,11.1,80.9,0.0,5,P0420,0.00
456,120.0,2550,11.2,80.9,0.0,5,P0420,0.00
457,119.0,2525,11.2,80.8,0.0,5,P0420,0.00
458,118.0,2500,11.3,80.8,0.0,5,P0420,0.00
459,117.0,2475,11.3,80.7,0.0,5,P0420,0.00
460,116.0,2450,11.4,80.7,0.0,5,P0420,0.00
461,115.0,2425,11.4,80.6,0.0,5,P0420,0.00
462,114.0,2400,11.5,80.6,0.0,5,P0420,0.00
463,113.0,2375,11.5,80.5,0.0,5,P0420,0.00
464,112.0,2350,11.6,80.5,0.0,5,P0420,0.00
465,111.0,2325,11.6,80.4,0.0,5,P0420,0.00
466,110.0,2300,11.7,80.4,0.0,5,P0420,0.00
467,109.0,2275,11.7,80.3,0.0,5,P0420,0.00
468,108.0,2250,11.8,80.3,0.0,5,P0420,0.00
469,107.0,2225,11.8,80.2,0.0,5,P0420,0.00
470,106.0,2200,11.9,80.2,0.0,5,P0420,0.00
471,105.0,2175,11.9,80.1,0.0,5,P0420,0.00
472,104.0,2150,12.0,80.1,0.0,5,P0420,0.00
473,103.0,2125,12.0,80.0,0.0,5,P0420,0.00
474,102.0,2100,12.1,80.0,0.0,5,P0420,0.00
475,101.0,2075,12.1,79.9,0.0,5,P0420,0.00
476,100.0,2050,12.2,79.9,0.0,5,P0420,0.00
477,99.0,2025,12.2,79.8,0.0,5,P0420,0.00
478,98.0,2000,12.3,79.8,0.0,5,P0420,0.00
479,97.0,1975,12.3,79.7,0.0,5,P0420,0.00
480,96.0,1950,12.4,79.7,0.0,5,P0420,0.00
481,95.0,1925,12.4,79.6,0.0,5,P0420,0.00
482,94.0,1900,12.5,79.6,0.0,5,P0420,0.00
483,93.0,1875,12.5,79.5,0.0,5,P0420,0.00
484,92.0,1850,12.6,79.5,0.0,5,P0420,0.00
485,91.0,1825,12.6,79.4,0.0,5,P0420,0.00
486,90.0,1800,12.7,79.4,0.0,5,P0420,0.00
487,89.0,1775,12.7,79.3,0.0,5,P0420,0.00
488,88.0,1750,12.8,79.3,0.0,5,P0420,0.00
489,87.0,1725,12.8,79.2,0.0,5,P0420,0.00
490,86.0,1700,12.9,79.2,0.0,5,P0420,0.00
491,85.0,1675,12.9,79.1,0.0,5,P0420,0.00
492,84.0,1650,13.0,79.1,0.0,5,P0420,0.00
493,83.0,1625,13.0,79.0,0.0,5,P0420,0.00
494,82.0,1600,13.1,79.0,0.0,5,P0420,0.00
495,81.0,1575,13.1,78.9,0.0,5,P0420,0.00
496,80.0,1550,13.2,78.9,0.0,5,P0420,0.00
497,79.0,1525,13.2,78.8,0.0,5,P0420,0.00
498,78.0,1500,13.3,78.8,0.0,5,P0420,0.00
499,77.0,2900,9.5,78.7,35.0,4,P0420,0.00
500,75.0,2850,9.6,78.7,33.0,4,P0420,0.00
501,73.0,2800,9.7,78.6,31.0,4,P0420,0.00
502,71.0,2750,9.8,78.6,29.0,4,P0420,0.00
503,69.0,2700,9.9,78.5,27.0,4,P0420,0.00
504,67.0,2650,10.0,78.5,25.0,4,P0420,0.00
505,65.0,2600,10.1,78.4,23.0,4,P0420,0.00
506,63.0,2550,10.2,78.4,21.0,4,P0420,0.00
507,61.0,2500,10.3,78.3,19.0,4,P0420,0.00
508,59.0,2450,10.4,78.3,17.0,4,P0420,0.00
509,57.0,2400,10.5,78.2,15.0,4,P0420,0.00
510,55.0,2350,10.6,78.2,13.0,4,P0420,0.00
511,53.0,2300,10.7,78.1,11.0,4,P0420,0.00
512,51.0,2250,10.8,78.1,9.0,4,P0420,0.00
513,49.0,2200,10.9,78.0,7.0,4,P0420,0.00
514,47.0,2150,11.0,78.0,5.0,4,P0420,0.00
515,45.0,2100,11.1,77.9,3.0,4,P0420,0.00
516,43.0,2050,11.2,77.9,1.0,4,P0420,0.00
517,41.0,2000,11.3,77.8,0.0,4,P0420,0.00
518,39.0,1950,11.4,77.8,0.0,4,P0420,0.00
519,37.0,1900,11.5,77.7,0.0,4,P0420,0.00
520,35.0,1850,11.6,77.7,0.0,4,P0420,0.00
521,33.0,1800,11.7,77.6,0.0,4,P0420,0.00
522,31.0,1750,11.8,77.6,0.0,4,P0420,0.00
523,29.0,1700,11.9,77.5,0.0,4,P0420,0.00
524,27.0,1650,12.0,77.5,0.0,4,P0420,0.00
525,25.0,1600,12.1,77.4,0.0,4,P0420,0.00
526,23.0,1550,12.2,77.4,0.0,4,P0420,0.00
527,21.0,1500,12.3,77.3,0.0,4,P0420,0.00
528,19.0,2800,8.0,77.3,30.0,3,P0420,0.00
529,17.0,2750,8.2,77.2,28.0,3,P0420,0.00
530,15.0,2700,8.4,77.2,26.0,3,P0420,0.00
531,13.0,2650,8.6,77.1,24.0,3,P0420,0.00
532,11.0,2600,8.8,77.1,22.0,3,P0420,0.00
533,9.0,2550,9.0,77.0,20.0,3,P0420,0.00
534,7.0,2500,9.2,77.0,18.0,3,P0420,0.00
535,5.0,2450,9.4,76.9,16.0,3,P0420,0.00
536,3.0,2400,9.6,76.9,14.0,3,P0420,0.00
537,1.0,2350,9.8,76.8,12.0,3,P0420,0.00
538,0.0,850,0.0,76.8,0.0,0